{"stats":{"minecraft:used":{"minecraft:netherite_sword":10,"minecraft:birch_planks":8,"minecraft:grass_block":49,"minecraft:dirt":4,"minecraft:white_carpet":5,"minecraft:glass_pane":1},"minecraft:picked_up":{"minecraft:feather":117,"minecraft:chicken":84,"minecraft:leather":11,"minecraft:torch":34,"minecraft:lead":12,"alexsmobs:bear_fur":3,"alexsmobs:bison_fur":48,"minecraft:enchanted_book":6,"minecraft:porkchop":114,"minecraft:ink_sac":18,"minecraft:grass_block":1,"minecraft:gunpowder":2,"alexsmobs:leafcutter_ant_pupa":3,"minecraft:lapis_lazuli":8,"alexsmobs:gazelle_horn":33,"minecraft:dirt":4,"minecraft:white_banner":3,"minecraft:name_tag":3,"minecraft:pumpkin_seeds":9,"alexsmobs:kangaroo_hide":37,"minecraft:activator_rail":3,"minecraft:beetroot_seeds":18,"alexsmobs:emu_feather":13,"minecraft:detector_rail":9,"minecraft:spruce_planks":64,"minecraft:iron_ingot":16,"minecraft:beef":194,"alexsmobs:emu_egg":12,"minecraft:light_gray_wool":1,"minecraft:iron_pickaxe":1,"alexsmobs:maggot":20,"alexsmobs:raccoon_tail":14,"minecraft:powered_rail":12,"minecraft:melon_seeds":21,"minecraft:glow_berries":45,"minecraft:mutton":51,"minecraft:white_wool":22,"minecraft:coal":52,"alexsmobs:kangaroo_meat":44,"minecraft:rail":138},"minecraft:dropped":{"minecraft:grass_block":2},"minecraft:killed":{"minecraft:trader_llama":1,"difficultraids:electro_illager":2,"alexsmobs:fly":3,"minecraft:wandering_trader":1},"minecraft:mined":{"minecraft:grass_block":1,"minecraft:dirt":3},"minecraft:custom":{"minecraft:time_since_rest":5199,"minecraft:damage_taken":1300,"minecraft:sprint_one_cm":24759,"minecraft:walk_one_cm":67430,"minecraft:mob_kills":7,"minecraft:drop":2,"minecraft:damage_dealt":960,"minecraft:fly_one_cm":196804,"minecraft:crouch_one_cm":449,"minecraft:play_time":18652,"minecraft:deaths":3,"minecraft:sneak_time":523,"minecraft:jump":232,"minecraft:time_since_death":5173,"minecraft:total_world_time":18652,"minecraft:fall_one_cm":13263}},"DataVersion":2975}