{"stats":{"minecraft:killed":{"capybara:capybara":2},"minecraft:mined":{"minecraft:grass_block":9,"minecraft:melon":3,"minecraft:dirt":4},"minecraft:picked_up":{"minecraft:iron_shovel":2,"minecraft:oak_stairs":1,"minecraft:melon":2,"minecraft:grass_block":1,"minecraft:totem_of_undying":2,"minecraft:oak_button":3,"minecraft:smooth_quartz":64,"minecraft:melon_slice":17,"minecraft:quartz_stairs":64,"minecraft:iron_sword":1,"minecraft:oak_planks":64,"minecraft:dirt":17},"minecraft:used":{"minecraft:dirt":9,"minecraft:iron_shovel":2,"minecraft:melon":2,"minecraft:melon_slice":12,"minecraft:iron_sword":4,"minecraft:totem_of_undying":2},"minecraft:dropped":{"minecraft:dirt":4},"minecraft:custom":{"minecraft:time_since_rest":29828,"minecraft:crouch_one_cm":117,"minecraft:sprint_one_cm":40628,"minecraft:play_time":29828,"minecraft:damage_taken":550,"minecraft:walk_one_cm":51949,"minecraft:sneak_time":82,"minecraft:walk_under_water_one_cm":1555,"minecraft:mob_kills":2,"minecraft:drop":4,"minecraft:jump":470,"minecraft:damage_dealt":200,"minecraft:leave_game":4,"minecraft:time_since_death":29828,"minecraft:walk_on_water_one_cm":3383,"minecraft:climb_one_cm":4185,"minecraft:total_world_time":29828,"minecraft:swim_one_cm":1816,"minecraft:fall_one_cm":11843,"minecraft:fly_one_cm":59003}},"DataVersion":2975}