{"stats":{"minecraft:used":{"minecraft:moss_block":2,"minecraft:grass_block":32,"minecraft:birch_leaves":14,"minecraft:oak_stairs":9,"minecraft:oak_button":1,"minecraft:oak_planks":30,"minecraft:chest":1,"minecraft:smooth_quartz":9,"minecraft:quartz_stairs":37,"minecraft:totem_of_undying":5,"minecraft:oak_leaves":40,"minecraft:dirt":6,"minecraft:crafting_table":2,"minecraft:birch_log":2,"minecraft:white_concrete":1,"capybara:capybara_spawn_egg":11},"minecraft:crafted":{"minecraft:player_head":1},"minecraft:mined":{"minecraft:grass_block":2},"minecraft:picked_up":{"minecraft:grass_block":2,"minecraft:lily_of_the_valley":1,"minecraft:dirt":2,"minecraft:iron_shovel":4,"minecraft:wheat_seeds":1,"minecraft:totem_of_undying":1,"minecraft:oak_button":2,"minecraft:moss_block":6,"minecraft:chest":311,"minecraft:iron_sword":2},"minecraft:custom":{"minecraft:time_since_rest":9246,"minecraft:sprint_one_cm":70775,"minecraft:walk_one_cm":58354,"minecraft:damage_taken":377487320,"minecraft:damage_absorbed":240,"minecraft:drop":11,"minecraft:damage_dealt":100,"minecraft:swim_one_cm":1895,"minecraft:interact_with_crafting_table":4,"minecraft:fly_one_cm":711259,"minecraft:open_chest":2,"minecraft:crouch_one_cm":997,"minecraft:play_time":130887,"minecraft:deaths":20,"minecraft:sneak_time":589,"minecraft:walk_under_water_one_cm":15885,"minecraft:jump":625,"minecraft:leave_game":35,"minecraft:walk_on_water_one_cm":4073,"minecraft:time_since_death":9246,"minecraft:climb_one_cm":327,"minecraft:total_world_time":130887,"minecraft:fall_one_cm":4580},"minecraft:dropped":{"minecraft:iron_sword":1,"minecraft:moss_block":4,"minecraft:iron_shovel":2,"minecraft:totem_of_undying":2,"minecraft:grass_block":2}},"DataVersion":2975}