{"stats":{"minecraft:dropped":{"minecraft:iron_sword":1,"minecraft:moss_block":4,"minecraft:iron_shovel":2,"minecraft:totem_of_undying":2},"minecraft:picked_up":{"minecraft:iron_shovel":4,"minecraft:wheat_seeds":1,"minecraft:totem_of_undying":1,"minecraft:oak_button":2,"minecraft:lily_of_the_valley":1,"minecraft:moss_block":6,"minecraft:iron_sword":2},"minecraft:used":{"minecraft:moss_block":2,"minecraft:oak_leaves":40,"minecraft:dirt":4,"minecraft:oak_stairs":9,"minecraft:birch_leaves":13,"minecraft:grass_block":32,"minecraft:oak_planks":30,"minecraft:oak_button":1,"minecraft:birch_log":2,"capybara:capybara_spawn_egg":11,"minecraft:white_concrete":1,"minecraft:smooth_quartz":9,"minecraft:quartz_stairs":37,"minecraft:totem_of_undying":5},"minecraft:custom":{"minecraft:time_since_rest":139,"minecraft:open_chest":2,"minecraft:damage_absorbed":240,"minecraft:damage_taken":377487240,"minecraft:crouch_one_cm":970,"minecraft:play_time":97891,"minecraft:deaths":14,"minecraft:sprint_one_cm":63824,"minecraft:walk_one_cm":52247,"minecraft:sneak_time":468,"minecraft:walk_under_water_one_cm":15885,"minecraft:drop":9,"minecraft:jump":529,"minecraft:damage_dealt":20,"minecraft:leave_game":33,"minecraft:time_since_death":139,"minecraft:walk_on_water_one_cm":4073,"minecraft:climb_one_cm":327,"minecraft:total_world_time":97891,"minecraft:swim_one_cm":1895,"minecraft:fall_one_cm":1664,"minecraft:fly_one_cm":491907}},"DataVersion":2975}