{"stats":{"minecraft:picked_up":{"minecraft:grass_block":2,"minecraft:lily_of_the_valley":1,"minecraft:dirt":3,"minecraft:iron_shovel":4,"minecraft:wheat_seeds":1,"minecraft:totem_of_undying":1,"minecraft:oak_button":2,"minecraft:moss_block":6,"minecraft:mutton":6,"minecraft:chest":311,"minecraft:iron_sword":2,"minecraft:white_wool":3},"minecraft:dropped":{"minecraft:iron_sword":1,"minecraft:moss_block":4,"minecraft:iron_shovel":2,"minecraft:totem_of_undying":2,"minecraft:grass_block":2},"minecraft:crafted":{"minecraft:player_head":1},"minecraft:used":{"minecraft:moss_block":3,"minecraft:grass_block":34,"minecraft:birch_leaves":14,"minecraft:oak_stairs":9,"minecraft:oak_button":1,"minecraft:oak_planks":30,"minecraft:chest":1,"minecraft:iron_sword":6,"minecraft:smooth_quartz":9,"minecraft:quartz_stairs":37,"minecraft:totem_of_undying":5,"minecraft:oak_leaves":40,"minecraft:dirt":6,"minecraft:crafting_table":2,"minecraft:birch_log":2,"minecraft:white_concrete":1,"capybara:capybara_spawn_egg":36,"minecraft:enchanted_golden_apple":2},"minecraft:mined":{"minecraft:grass_block":3},"minecraft:killed":{"minecraft:sheep":4},"minecraft:custom":{"minecraft:time_since_rest":36056,"minecraft:sprint_one_cm":78646,"minecraft:walk_one_cm":64786,"minecraft:damage_taken":377487408,"minecraft:damage_absorbed":240,"minecraft:mob_kills":4,"minecraft:drop":11,"minecraft:damage_dealt":390,"minecraft:swim_one_cm":1895,"minecraft:interact_with_crafting_table":4,"minecraft:fly_one_cm":808692,"minecraft:open_chest":2,"minecraft:crouch_one_cm":1184,"minecraft:play_time":157697,"minecraft:deaths":20,"minecraft:sneak_time":843,"minecraft:walk_under_water_one_cm":15885,"minecraft:jump":749,"minecraft:leave_game":37,"minecraft:walk_on_water_one_cm":5115,"minecraft:time_since_death":36056,"minecraft:climb_one_cm":327,"minecraft:total_world_time":157697,"minecraft:damage_resisted":22,"minecraft:fall_one_cm":6114}},"DataVersion":2975}