{"stats":{"minecraft:picked_up":{"minecraft:iron_shovel":4,"minecraft:totem_of_undying":1,"minecraft:oak_button":2,"minecraft:moss_block":6,"minecraft:iron_sword":2},"minecraft:used":{"minecraft:moss_block":2,"minecraft:dirt":4,"minecraft:grass_block":32,"minecraft:oak_stairs":9,"minecraft:oak_button":1,"minecraft:oak_planks":30,"capybara:capybara_spawn_egg":11,"minecraft:white_concrete":1,"minecraft:smooth_quartz":9,"minecraft:quartz_stairs":37,"minecraft:totem_of_undying":5},"minecraft:dropped":{"minecraft:iron_sword":1,"minecraft:moss_block":4,"minecraft:iron_shovel":2,"minecraft:totem_of_undying":2},"minecraft:custom":{"minecraft:time_since_rest":15513,"minecraft:open_chest":2,"minecraft:damage_absorbed":240,"minecraft:damage_taken":377487240,"minecraft:crouch_one_cm":691,"minecraft:deaths":3,"minecraft:sprint_one_cm":50146,"minecraft:play_time":64038,"minecraft:walk_one_cm":47165,"minecraft:sneak_time":385,"minecraft:walk_under_water_one_cm":15885,"minecraft:drop":9,"minecraft:jump":327,"minecraft:damage_dealt":20,"minecraft:leave_game":7,"minecraft:walk_on_water_one_cm":3876,"minecraft:time_since_death":15513,"minecraft:climb_one_cm":327,"minecraft:total_world_time":64038,"minecraft:swim_one_cm":1895,"minecraft:fall_one_cm":1664,"minecraft:fly_one_cm":365447}},"DataVersion":2975}