{
  "__COMMENT1": "To apply this configuration to all newly generated worlds",
  "__COMMENT2": "please place this configuration file into your config directory",
  "__COMMENT3": "with the following name: cpm-server-default.json",
  "player_scaling": {
    "73a75b28-7f81-3c65-ba38-ff9609c35584": {},
    "6b23b635-045c-3b44-9517-b23260b2e0c2": {}
  },
  "skins": {},
  "player_scaling_settings": {},
  "scaling_settings": {
    "mining_speed": {},
    "motion": {},
    "third_person": {},
    "hitbox_width": {},
    "eye_height": {},
    "mob_visibility": {},
    "flight_speed": {},
    "reach": {},
    "health": {},
    "attack_speed": {},
    "view_bobbing": {},
    "defense": {},
    "attack_knockback": {},
    "step_height": {},
    "hitbox_height": {},
    "attack_dmg": {},
    "fall_damage": {},
    "entity": {}
  }
}