{
  "minecraft:recipes/tools/fishing_rod": {
    "criteria": {
      "has_string": "2022-08-05 23:25:00 -0300"
    },
    "done": true
  },
  "minecraft:recipes/combat/bow": {
    "criteria": {
      "has_string": "2022-08-05 23:25:00 -0300"
    },
    "done": true
  },
  "minecraft:recipes/food/cooked_mutton_from_campfire_cooking": {
    "criteria": {
      "has_mutton": "2022-08-05 23:24:49 -0300"
    },
    "done": true
  },
  "minecraft:recipes/food/cooked_porkchop_from_campfire_cooking": {
    "criteria": {
      "has_porkchop": "2022-08-05 23:24:59 -0300"
    },
    "done": true
  },
  "betterdungeons:root": {
    "criteria": {
      "always": "2022-08-05 23:20:26 -0300"
    },
    "done": true
  },
  "blue_skies:everbright/kill_summoner": {
    "criteria": {
      "kill_summoner": "2022-08-05 23:22:50 -0300"
    },
    "done": true
  },
  "minecraft:recipes/building_blocks/tinted_glass": {
    "criteria": {
      "has_amethyst_shard": "2022-08-05 23:21:12 -0300"
    },
    "done": true
  },
  "minecraft:recipes/decorations/loom": {
    "criteria": {
      "has_string": "2022-08-05 23:25:00 -0300"
    },
    "done": true
  },
  "biomesoplenty:biomesoplenty/all_biomes": {
    "criteria": {
      "old_growth_woodland": "2022-08-05 23:20:26 -0300"
    },
    "done": false
  },
  "twilightforest:alt/entities/animals": {
    "criteria": {
      "has_bighorn": "2022-08-05 23:24:44 -0300"
    },
    "done": true
  },
  "twilightforest:alt/treasures/armors": {
    "criteria": {
      "has_yeti": "2022-08-05 23:24:29 -0300"
    },
    "done": true
  },
  "blue_skies:everbright/kill_starlit_crusher": {
    "criteria": {
      "kill_starlit_crusher": "2022-08-05 23:23:13 -0300"
    },
    "done": true
  },
  "minecraft:recipes/decorations/candle": {
    "criteria": {
      "has_string": "2022-08-05 23:25:00 -0300"
    },
    "done": true
  },
  "twilightforest:alt/entities/armored_giant": {
    "criteria": {
      "slay": "2022-08-05 23:23:58 -0300"
    },
    "done": true
  },
  "minecraft:recipes/decorations/chest": {
    "criteria": {
      "has_lots_of_items": "2022-08-05 23:23:06 -0300"
    },
    "done": true
  },
  "minecraft:recipes/decorations/light_gray_bed": {
    "criteria": {
      "has_light_gray_wool": "2022-08-05 23:24:49 -0300"
    },
    "done": true
  },
  "minecraft:recipes/decorations/light_gray_carpet": {
    "criteria": {
      "has_light_gray_wool": "2022-08-05 23:24:49 -0300"
    },
    "done": true
  },
  "minecraft:recipes/decorations/painting": {
    "criteria": {
      "has_wool": "2022-08-05 23:24:49 -0300"
    },
    "done": true
  },
  "twilightforest:alt/entities/blockchain_goblin": {
    "criteria": {
      "hurt_by_indirect": "2022-08-05 23:24:46 -0300"
    },
    "done": true
  },
  "minecraft:recipes/brewing/fermented_spider_eye": {
    "criteria": {
      "has_spider_eye": "2022-08-05 23:25:00 -0300"
    },
    "done": true
  },
  "twilightforest:alt/entities/giants": {
    "criteria": {
      "has_armored": "2022-08-05 23:23:58 -0300"
    },
    "done": true
  },
  "twilightforest:alt/treasures/ice_bomb": {
    "criteria": {
      "has_item": "2022-08-05 23:24:27 -0300"
    },
    "done": true
  },
  "minecraft:adventure/root": {
    "criteria": {
      "killed_something": "2022-08-05 23:22:50 -0300"
    },
    "done": true
  },
  "minecraft:recipes/building_blocks/amethyst_block": {
    "criteria": {
      "has_amethyst_shard": "2022-08-05 23:21:12 -0300"
    },
    "done": true
  },
  "twilightforest:alt/treasures/yeti_armor_set": {
    "criteria": {
      "has_ingredient": "2022-08-05 23:24:29 -0300"
    },
    "done": true
  },
  "twilightforest:recipes/twilightforest/material/armor_shard_cluster": {
    "criteria": {
      "has_item": "2022-08-05 23:24:47 -0300"
    },
    "done": true
  },
  "minecraft:recipes/building_blocks/white_wool_from_string": {
    "criteria": {
      "has_string": "2022-08-05 23:25:00 -0300"
    },
    "done": true
  },
  "minecraft:recipes/decorations/light_gray_banner": {
    "criteria": {
      "has_light_gray_wool": "2022-08-05 23:24:49 -0300"
    },
    "done": true
  },
  "twilightforest:alt/entities/goblins": {
    "criteria": {
      "has_blockchain": "2022-08-05 23:24:46 -0300"
    },
    "done": true
  },
  "blue_skies:everdawn/kill_alchemist": {
    "criteria": {
      "kill_alchemist": "2022-08-05 23:23:05 -0300"
    },
    "done": true
  },
  "minecraft:adventure/spellbound_all_weapons": {
    "criteria": {
      "moonlight_edge": "2022-08-05 23:21:19 -0300"
    },
    "done": false
  },
  "twilightforest:progress_yeti": {
    "criteria": {
      "fur": "2022-08-05 23:24:29 -0300",
      "yeti": "2022-08-05 23:23:38 -0300",
      "trophy": "2022-08-05 23:24:27 -0300",
      "was_in_fight": "2022-08-05 23:23:38 -0300"
    },
    "done": false
  },
  "twilightforest:alt/treasures/knightmetal_armor_set": {
    "criteria": {
      "has_shard": "2022-08-05 23:24:47 -0300"
    },
    "done": true
  },
  "minecraft:recipes/redstone/tripwire_hook": {
    "criteria": {
      "has_string": "2022-08-05 23:25:00 -0300"
    },
    "done": true
  },
  "twilightforest:alt/entities/alpha_yeti": {
    "criteria": {
      "slay": "2022-08-05 23:23:38 -0300"
    },
    "done": true
  },
  "twilightforest:alt/entities/carminite_broodling": {
    "criteria": {
      "slay": "2022-08-05 23:24:59 -0300"
    },
    "done": true
  },
  "twilightforest:alt/entities/carminite_ghastguard": {
    "criteria": {
      "slain_by": "2022-08-05 23:25:04 -0300"
    },
    "done": true
  },
  "minecraft:recipes/food/cooked_mutton_from_smoking": {
    "criteria": {
      "has_mutton": "2022-08-05 23:24:49 -0300"
    },
    "done": true
  },
  "twilightforest:alt/entities/bighorn_sheep": {
    "criteria": {
      "slay": "2022-08-05 23:24:44 -0300"
    },
    "done": true
  },
  "twilightforest:alt/entities/boar": {
    "criteria": {
      "slay": "2022-08-05 23:24:57 -0300"
    },
    "done": true
  },
  "biomesoplenty:biomesoplenty/root": {
    "criteria": {
      "old_growth_woodland": "2022-08-05 23:20:26 -0300"
    },
    "done": true
  },
  "twilightforest:alt/treasures/tools": {
    "criteria": {
      "has_giant": "2022-08-05 23:24:04 -0300"
    },
    "done": true
  },
  "twilightforest:alt/treasures/giant_tool_set": {
    "criteria": {
      "has_sword": "2022-08-05 23:24:04 -0300"
    },
    "done": true
  },
  "bmorph:bmorph/shapeshifter": {
    "criteria": {
      "requirement": "2022-08-05 23:22:56 -0300"
    },
    "done": true
  },
  "twilightforest:alt/treasures/knightmetal_tool_set": {
    "criteria": {
      "has_shard": "2022-08-05 23:24:47 -0300"
    },
    "done": true
  },
  "minecraft:story/root": {
    "criteria": {
      "crafting_table": "2022-08-05 23:20:54 -0300"
    },
    "done": true
  },
  "minecraft:recipes/combat/crossbow": {
    "criteria": {
      "has_string": "2022-08-05 23:25:00 -0300"
    },
    "done": true
  },
  "bmorph:bmorph/root": {
    "criteria": {
      "requirement": "2022-08-05 23:20:26 -0300"
    },
    "done": true
  },
  "twilightforest:recipes/twilightforest/alpha_yeti_banner_pattern": {
    "criteria": {
      "has_trophy": "2022-08-05 23:24:27 -0300"
    },
    "done": true
  },
  "minecraft:recipes/food/cooked_mutton": {
    "criteria": {
      "has_mutton": "2022-08-05 23:24:49 -0300"
    },
    "done": true
  },
  "minecraft:recipes/food/cooked_porkchop_from_smoking": {
    "criteria": {
      "has_porkchop": "2022-08-05 23:24:59 -0300"
    },
    "done": true
  },
  "minecraft:recipes/food/cooked_porkchop": {
    "criteria": {
      "has_porkchop": "2022-08-05 23:24:59 -0300"
    },
    "done": true
  },
  "twilightforest:alt/entities/adherent": {
    "criteria": {
      "slay": "2022-08-05 23:23:35 -0300"
    },
    "done": true
  },
  "minecraft:recipes/tools/spyglass": {
    "criteria": {
      "has_amethyst_shard": "2022-08-05 23:21:12 -0300"
    },
    "done": true
  },
  "DataVersion": 2975
}