{
  "minecraft:recipes/misc/iron_nugget_from_blasting": {
    "criteria": {
      "has_iron_shovel": "2024-07-29 18:20:59 +0000"
    },
    "done": true
  },
  "minecraft:recipes/redstone/oak_fence_gate": {
    "criteria": {
      "has_planks": "2024-07-29 18:46:20 +0000"
    },
    "done": true
  },
  "minecraft:recipes/transportation/dark_oak_boat": {
    "criteria": {
      "in_water": "2024-07-29 18:15:35 +0000"
    },
    "done": true
  },
  "minecraft:recipes/building_blocks/smooth_quartz_slab_from_smooth_quartz_stonecutting": {
    "criteria": {
      "has_smooth_quartz": "2024-07-29 18:47:48 +0000"
    },
    "done": true
  },
  "upgradednetherite:recipes/upgraded_netherite_ingot": {
    "criteria": {
      "has_netherite_ingot": "2024-07-29 18:10:21 +0000"
    },
    "done": true
  },
  "upgradednetherite:recipes/upgraded_netherite_chestplate_smithing": {
    "criteria": {
      "has_netherite_chestplate": "2024-07-29 18:10:21 +0000"
    },
    "done": true
  },
  "minecraft:recipes/redstone/oak_button": {
    "criteria": {
      "has_planks": "2024-07-29 18:46:20 +0000"
    },
    "done": true
  },
  "upgradednetherite:recipes/upgraded_netherite_helmet_smithing": {
    "criteria": {
      "has_netherite_helmet": "2024-07-29 18:10:21 +0000"
    },
    "done": true
  },
  "upgradednetherite:recipes/upgraded_netherite_shovel_smithing": {
    "criteria": {
      "has_netherite_shovel": "2024-07-29 18:10:21 +0000"
    },
    "done": true
  },
  "upgradednetherite:recipes/upgraded_netherite_sword_smithing": {
    "criteria": {
      "has_netherite_sword": "2024-07-29 18:10:21 +0000"
    },
    "done": true
  },
  "minecraft:recipes/misc/iron_nugget_from_smelting": {
    "criteria": {
      "has_iron_shovel": "2024-07-29 18:20:59 +0000"
    },
    "done": true
  },
  "minecraft:recipes/redstone/oak_pressure_plate": {
    "criteria": {
      "has_planks": "2024-07-29 18:46:20 +0000"
    },
    "done": true
  },
  "minecraft:recipes/building_blocks/smooth_quartz_stairs_from_smooth_quartz_stonecutting": {
    "criteria": {
      "has_smooth_quartz": "2024-07-29 18:47:48 +0000"
    },
    "done": true
  },
  "minecraft:adventure/adventuring_time": {
    "criteria": {
      "minecraft:deep_ocean": "2024-07-29 18:10:02 +0000",
      "minecraft:beach": "2024-07-29 18:53:31 +0000",
      "minecraft:dark_forest": "2024-07-29 18:54:25 +0000",
      "minecraft:sparse_jungle": "2024-07-29 18:54:23 +0000",
      "minecraft:river": "2024-07-29 18:54:21 +0000",
      "minecraft:cold_ocean": "2024-07-29 18:53:57 +0000",
      "minecraft:frozen_ocean": "2024-07-29 18:54:00 +0000",
      "minecraft:jungle": "2024-07-29 18:43:04 +0000",
      "minecraft:old_growth_birch_forest": "2024-07-29 19:08:28 +0000",
      "minecraft:plains": "2024-07-29 18:09:54 +0000"
    },
    "done": false
  },
  "upgradednetherite:recipes/upgraded_netherite_boots_smithing": {
    "criteria": {
      "has_netherite_boots": "2024-07-29 18:10:21 +0000"
    },
    "done": true
  },
  "minecraft:recipes/decorations/crafting_table": {
    "criteria": {
      "has_planks": "2024-07-29 18:46:20 +0000"
    },
    "done": true
  },
  "upgradednetherite:recipes/upgraded_netherite_upgrade_smithing": {
    "criteria": {
      "has_netherite_ingot": "2024-07-29 18:10:21 +0000"
    },
    "done": true
  },
  "minecraft:recipes/decorations/moss_carpet": {
    "criteria": {
      "has_moss_block": "2024-07-29 18:23:13 +0000"
    },
    "done": true
  },
  "minecraft:recipes/building_blocks/mossy_stone_bricks_from_moss_block": {
    "criteria": {
      "has_moss_block": "2024-07-29 18:23:13 +0000"
    },
    "done": true
  },
  "minecraft:recipes/transportation/birch_boat": {
    "criteria": {
      "in_water": "2024-07-29 18:15:35 +0000"
    },
    "done": true
  },
  "upgradednetherite:recipes/upgraded_netherite_axe_smithing": {
    "criteria": {
      "has_netherite_axe": "2024-07-29 18:10:21 +0000"
    },
    "done": true
  },
  "minecraft:recipes/building_blocks/oak_stairs": {
    "criteria": {
      "has_planks": "2024-07-29 18:46:20 +0000"
    },
    "done": true
  },
  "minecraft:recipes/decorations/barrel": {
    "criteria": {
      "has_planks": "2024-07-29 18:46:20 +0000"
    },
    "done": true
  },
  "upgradednetherite:recipes/upgraded_netherite_pickaxe_smithing": {
    "criteria": {
      "has_netherite_pickaxe": "2024-07-29 18:10:21 +0000"
    },
    "done": true
  },
  "upgradednetherite:recipes/netherite_horse_armor": {
    "criteria": {
      "has_netherite_ingot": "2024-07-29 18:10:21 +0000"
    },
    "done": true
  },
  "minecraft:recipes/building_blocks/smooth_quartz_stairs": {
    "criteria": {
      "has_smooth_quartz": "2024-07-29 18:47:48 +0000"
    },
    "done": true
  },
  "upgradednetherite:recipes/upgraded_netherite_leggings_smithing": {
    "criteria": {
      "has_netherite_leggings": "2024-07-29 18:10:21 +0000"
    },
    "done": true
  },
  "minecraft:recipes/transportation/acacia_boat": {
    "criteria": {
      "in_water": "2024-07-29 18:15:35 +0000"
    },
    "done": true
  },
  "minecraft:recipes/decorations/oak_fence": {
    "criteria": {
      "has_planks": "2024-07-29 18:46:20 +0000"
    },
    "done": true
  },
  "minecraft:recipes/transportation/oak_boat": {
    "criteria": {
      "in_water": "2024-07-29 18:15:35 +0000"
    },
    "done": true
  },
  "minecraft:adventure/totem_of_undying": {
    "criteria": {
      "used_totem": "2024-07-29 18:29:21 +0000"
    },
    "done": true
  },
  "minecraft:recipes/redstone/oak_door": {
    "criteria": {
      "has_planks": "2024-07-29 18:46:20 +0000"
    },
    "done": true
  },
  "minecraft:recipes/building_blocks/mossy_cobblestone_from_moss_block": {
    "criteria": {
      "has_moss_block": "2024-07-29 18:23:13 +0000"
    },
    "done": true
  },
  "minecraft:recipes/building_blocks/smooth_quartz_slab": {
    "criteria": {
      "has_smooth_quartz": "2024-07-29 18:47:48 +0000"
    },
    "done": true
  },
  "minecraft:recipes/decorations/oak_sign": {
    "criteria": {
      "has_planks": "2024-07-29 18:46:20 +0000"
    },
    "done": true
  },
  "minecraft:recipes/misc/stick": {
    "criteria": {
      "has_planks": "2024-07-29 18:46:20 +0000"
    },
    "done": true
  },
  "minecraft:recipes/redstone/oak_trapdoor": {
    "criteria": {
      "has_planks": "2024-07-29 18:46:20 +0000"
    },
    "done": true
  },
  "minecraft:recipes/building_blocks/oak_slab": {
    "criteria": {
      "has_planks": "2024-07-29 18:46:20 +0000"
    },
    "done": true
  },
  "upgradednetherite:recipes/upgraded_netherite_horse_armor": {
    "criteria": {
      "has_netherite_ingot": "2024-07-29 18:10:21 +0000"
    },
    "done": true
  },
  "minecraft:recipes/transportation/jungle_boat": {
    "criteria": {
      "in_water": "2024-07-29 18:15:35 +0000"
    },
    "done": true
  },
  "minecraft:recipes/transportation/spruce_boat": {
    "criteria": {
      "in_water": "2024-07-29 18:15:35 +0000"
    },
    "done": true
  },
  "upgradednetherite:recipes/upgraded_netherite_bow_smithing": {
    "criteria": {
      "has_netherite_bow": "2024-07-29 18:10:21 +0000"
    },
    "done": true
  },
  "DataVersion": 2975
}